INSERT INTO ROLES (ROL_ID, ROL_ROLE)	VALUES (1, 'ADMIN');
INSERT INTO ROLES (ROL_ID, ROL_ROLE)	VALUES (2, 'EMPLOYEE');
INSERT INTO ROLES (ROL_ID, ROL_ROLE)	VALUES (3, 'USER');

INSERT INTO USERS (USR_ID, USR_EMAIL, USR_PASSWORD, USR_FIRST_NAME, USR_LAST_NAME, USR_CITY, USR_PHONE, USR_ACTIVE) VALUES (1, 'admin@admin', 'pass', 'Admin', 'Admin', 'Adminowo', '997998999', TRUE);
INSERT INTO USERS (USR_ID, USR_EMAIL, USR_PASSWORD, USR_FIRST_NAME, USR_LAST_NAME, USR_CITY, USR_PHONE, USR_ACTIVE) VALUES (2, 'emp@emp', 'pass', 'Emp', 'Emp', 'Empowo', '123456789', TRUE);
INSERT INTO USERS (USR_ID, USR_EMAIL, USR_PASSWORD, USR_FIRST_NAME, USR_LAST_NAME, USR_CITY, USR_PHONE, USR_ACTIVE) VALUES (3, 'usr@usr', 'pass', 'User', 'User', 'Userowo', '987654321', TRUE);
INSERT INTO USERS (USR_ID, USR_EMAIL, USR_PASSWORD, USR_FIRST_NAME, USR_LAST_NAME, USR_CITY, USR_PHONE, USR_ACTIVE) VALUES (4, 'john@doe', 'pass', 'John', 'Doe', 'New York', '666555666', FALSE);

INSERT INTO USER_ROLES (URL_USR_ID, URL_ROL_ID) VALUES (1, 1);
INSERT INTO USER_ROLES (URL_USR_ID, URL_ROL_ID) VALUES (1, 2);
INSERT INTO USER_ROLES (URL_USR_ID, URL_ROL_ID) VALUES (2, 2);
INSERT INTO USER_ROLES (URL_USR_ID, URL_ROL_ID) VALUES (2, 3);
INSERT INTO USER_ROLES (URL_USR_ID, URL_ROL_ID) VALUES (3, 3);
INSERT INTO USER_ROLES (URL_USR_ID, URL_ROL_ID) VALUES (4, 3);

INSERT INTO CARS (CAR_ID, CAR_MAKE, CAR_MODEL, CAR_COLOUR, CAR_PLATE)	VALUES (1, 'Audi', 'A4', 'Black', 'E1 XDDD');
INSERT INTO CARS (CAR_ID, CAR_MAKE, CAR_MODEL, CAR_COLOUR, CAR_PLATE)	VALUES (2, 'Alfa Romeo', 'Giulia Coupe', 'Red', 'WA ALFA');
INSERT INTO CARS (CAR_ID, CAR_MAKE, CAR_MODEL, CAR_COLOUR, CAR_PLATE)	VALUES (3, 'Kia', 'Stinger', 'Silver', 'EBR KIA');
INSERT INTO CARS (CAR_ID, CAR_MAKE, CAR_MODEL, CAR_COLOUR, CAR_PLATE)	VALUES (4, 'Ferrari', 'LaFerrari', 'Red', 'EL LAXD');
INSERT INTO CARS (CAR_ID, CAR_MAKE, CAR_MODEL, CAR_COLOUR, CAR_PLATE)	VALUES (5, 'McLaren', 'P1', 'Silver', 'E0 P1');
INSERT INTO CARS (CAR_ID, CAR_MAKE, CAR_MODEL, CAR_COLOUR, CAR_PLATE)	VALUES (6, 'Audi', 'A5', 'Blue', 'EBR 69XD');

INSERT INTO RESERVATIONS (RSV_ID, RSV_CAR_ID, RSV_USR_ID, RSV_DATE_START, RSV_DATE_END, RSV_STATUS) VALUES (1, 1, 1, CURRENT_DATE, null, 'ACTIVE');
INSERT INTO RESERVATIONS (RSV_ID, RSV_CAR_ID, RSV_USR_ID, RSV_DATE_START, RSV_DATE_END, RSV_STATUS) VALUES (2, 2, 2, CURRENT_DATE, null, 'WAITING');
INSERT INTO RESERVATIONS (RSV_ID, RSV_CAR_ID, RSV_USR_ID, RSV_DATE_START, RSV_DATE_END, RSV_STATUS) VALUES (3, 3, 3, '2018-05-06', '2018-05-22', 'FINISHED');
INSERT INTO RESERVATIONS (RSV_ID, RSV_CAR_ID, RSV_USR_ID, RSV_DATE_START, RSV_DATE_END, RSV_STATUS) VALUES (4, 4, 4, '2018-05-06', '2018-05-07', 'CANCELED');